{
    "render_height": 500,
    "render_width": 500,
    "lat_lon_alt_center": [37.42750651834133, -122.17027288319447, 28.0],
     "camera_path":
     [
        {
            "lat_lon_alt": [37.42750651834133, -122.17027288319447, 53.0],
            "rotation": [
                [1.0, 0.0, 0.0],
                [0.0, 1.0, 0.0],
                [0.0, 0.0, 1.0]
            ],
            "fov": 60
        },
        {
            "lat_lon_alt": [37.427353, -122.170331, 53.0],
            "rotation": [
                [1.0, 0.0, 0.0],
                [0.0, 1.0, 0.0],
                [0.0, 0.0, 1.0]
            ],
            "fov": 60
        },
        {
            "lat_lon_alt": [37.427414, -122.170006, 53.0],
            "rotation": [
                [1.0, 0.0, 0.0],
                [0.0, 1.0, 0.0],
                [0.0, 0.0, 1.0]
            ],
            "fov": 60
        }
     ]
}